 "h" , "id" , "label" , "addrStr" , "comuneStr" , "provStr" , "serviceTypeStr" , "private" , "lat" , "long" ,
 "http://www.spaghettiopendata.org/sod2017/resources#324001210" , "324001210" , "CENTRO SOCIO SANITARIO RESIDENZIALE SPERIMENTALE PER SORDOCIECHI E PLURIMINORATI PSICOSENSORIALI ADULTI" , "VIA ALLA STAZIONE  2, Lesmo, 20855, (MB), Italy" , "Lesmo" , "AN" , "Residential care activities" , "Private" , "45.64426705" , "9.30611552" ,
 "http://www.spaghettiopendata.org/sod2017/resources#10809023602" , "10809023602" , "CASA DI CURA POGGIO DEL SOLE" , "VIA DEI LECCI 22, Arezzo, 52100 (AREZZO), Italy" , "Arezzo" , "AREZZO" , "Residential care activities" , "Unknown" ,  ,  ,
 "http://www.spaghettiopendata.org/sod2017/resources#10809023601" , "10809023601" , "CASA DI CURA POGGIO DEL SOLE" , "VIA FRA GUITTONE 2, Arezzo, 52100 (AREZZO), Italy" , "Arezzo" , "AREZZO" , "Residential care activities" , "Unknown" ,  ,  ,
 "http://www.spaghettiopendata.org/sod2017/resources#10809023701" , "10809023701" , "CASA DI CURA S.GIUSEPPE" , "VIA A. SAFFI 33, Arezzo, 52100 (AREZZO), Italy" , "Arezzo" , "AREZZO" , "Residential care activities" , "Unknown" ,  ,  ,
 "http://www.spaghettiopendata.org/sod2017/resources#10809091101" , "10809091101" , "CENTRO RIABILITAZIONE TERRANUOVA B. SPA" , "P.ZZA VOLONTAZIATO, Montevarchi, 52025 (AREZZO), Italy" , "Montevarchi" , "AREZZO" , "Hospital activities" , "Unknown" ,  ,  ,
 "http://www.spaghettiopendata.org/sod2017/resources#10809064301" , "10809064301" , "NUOVO OSPEDALE VALDICHIANA S. MARGHERITA" , "LOC. FRATTA, Cortona, 52044 (AREZZO), Italy" , "Cortona" , "AREZZO" , "Hospital activities" , "Unknown" ,  ,  ,
 "http://www.spaghettiopendata.org/sod2017/resources#10809062101" , "10809062101" , "OSPEDALE AREA ARETINA NORD" , "VIA P. NENNI, Arezzo, 52100 (AREZZO), Italy" , "Arezzo" , "AREZZO" , "Hospital activities" , "Unknown" ,  ,  ,
 "http://www.spaghettiopendata.org/sod2017/resources#10809061801" , "10809061801" , "OSPEDALE DEL CASENTINO" , "VIALE FILIPPO TURATI, Bibbiena, 52011 (AREZZO), Italy" , "Bibbiena" , "AREZZO" , "Hospital activities" , "Unknown" ,  ,  ,
 "http://www.spaghettiopendata.org/sod2017/resources#10809061901" , "10809061901" , "OSPEDALE DELLA VALTIBERINA" , "VIA SANTI DI TITO 24, Sansepolcro, 52037 (AREZZO), Italy" , "Sansepolcro" , "AREZZO" , "Hospital activities" , "Unknown" ,  ,  ,
 "http://www.spaghettiopendata.org/sod2017/resources#10809064101" , "10809064101" , "OSPEDALE NUOVO VALDARNO" , "LOC. GRUCCIA, Montevarchi, 52025 (AREZZO), Italy" , "Montevarchi" , "AREZZO" , "Hospital activities" , "Unknown" ,  ,  ,
 "http://www.spaghettiopendata.org/sod2017/resources#325001308" , "325001308" , "BEATO PAPA GIOVANNI XXIII" , "VIA BEATO PAPA GIOVANNI XXIII, Piario, 24020, (BG), Italy" , "Piario" , "BG" , "Other human health activities" , "Private" ,  ,  ,
 "http://www.spaghettiopendata.org/sod2017/resources#325001294" , "325001294" , "FONDAZIONE GIOVANNI CARLO ROTA" , "VIA REPUBBLICA  1, Almenno San Salvatore, 24031, (BG), Italy" , "Almenno San Salvatore" , "BG" , "Other human health activities" , "Private" , "45.75071229" , "9.5999225" ,
 "http://www.spaghettiopendata.org/sod2017/resources#325001223" , "325001223" , "MICHAEL" , "VIA CONVENTINO  9, Bergamo, 24100, (BG), Italy" , "Bergamo" , "BG" , "Other human health activities" , "Private" , "45.68682077" , "9.67523405" ,
 "http://www.spaghettiopendata.org/sod2017/resources#325001237" , "325001237" , "MONSIGNOR BERNAREGGI" , "VIA GIUSEPPE GARIBALDI  15, Bonate Sotto, 24040, (BG), Italy" , "Bonate Sotto" , "BG" , "Other human health activities" , "Private" , "45.6671269" , "9.55031827" ,
 "http://www.spaghettiopendata.org/sod2017/resources#325001286" , "325001286" , "RESIDENZA SANITARIO ASSISTENZIALE PER DISABILI" , "PIAZZA CAMOZZI  15, Grumello del Monte, 24064, (BG), Italy" , "Grumello del Monte" , "BG" , "Residential care activities" , "Private" , "45.63598042" , "9.8719003" ,
 "http://www.spaghettiopendata.org/sod2017/resources#325001292" , "325001292" , "RSD CONTI CALEPIO" , "VICOLO GIACOMO LEOPARDI, Castelli Calepio, 24060, (BG), Italy" , "Castelli Calepio" , "BG" , "Other human health activities" , "Private" , "45.6459798" , "9.91189419" ,
 "http://www.spaghettiopendata.org/sod2017/resources#325001367" , "325001367" , "RSD HABILITA ALBINO" , "VIA SELVINO  8, Albino, 24021, (BG), Italy" , "Albino" , "BG" , "Other human health activities" , "Private" , "45.76570079" , "9.78907431" ,
 "http://www.spaghettiopendata.org/sod2017/resources#325001368" , "325001368" , "RSD PER GRAVI CELEBROLESIONI ACQUISITE (GCA)" , "VIA EUROPA  20, Serina, 24017, (BG), Italy" , "Serina" , "BG" , "Other human health activities" , "Private" , "45.88409896" , "9.74363817" ,
 "http://www.spaghettiopendata.org/sod2017/resources#321010733" , "321010733" , "RSD LEGNANO" , "VIA DELLE ROSE  4, Legnano, 20025, (MI), Italy" , "Legnano" , "BI" , "Other human health activities" , "Private" , "45.59566886" , "8.88915663" ,
 "http://www.spaghettiopendata.org/sod2017/resources#327004775" , "327004775" , "RESIDENZA SANITARIA ASSISTENZIALE PER DISABILI TAM TAM" , "PIAZZA GIOTTO  1, San Giorgio di Mantova, 46030, (MN), Italy" , "San Giorgio di Mantova" , "BO" , "Residential care activities" , "Private" , "45.17437429" , "10.84026058" ,
 "http://www.spaghettiopendata.org/sod2017/resources#326001670" , "326001670" , "FIRMO TOMASO" , "VIA VOLTA  23, Villa Carcina, 25069, (BS), Italy" , "Villa Carcina" , "BS" , "Other human health activities" , "Private" , "45.63503735" , "10.1906895" ,
 "http://www.spaghettiopendata.org/sod2017/resources#326003313" , "326003313" , "G. SEPPILLI" , "VIALE DUCA DEGLI ABRUZZI  15, Brescia, 25100, (BS), Italy" , "Brescia" , "BS" , "Other human health activities" , "Public" , "45.51938525" , "10.22891946" ,
 "http://www.spaghettiopendata.org/sod2017/resources#326001546" , "326001546" , "G. TONINI - G. BONINSEGNA" , "VIA BUTTAFUOCO  15, Brescia, 25100, (BS), Italy" , "Brescia" , "BS" , "Other human health activities" , "Private" , "45.54348891" , "10.24066822" ,
 "http://www.spaghettiopendata.org/sod2017/resources#326001681" , "326001681" , "ISTITUTO BASSANO CREMONESINI" , "VIA ROMA  1, Pontevico, 25026, (BS), Italy" , "Pontevico" , "BS" , "Other human health activities" , "Private" , "45.27138275" , "10.08345734" ,
 "http://www.spaghettiopendata.org/sod2017/resources#326001484" , "326001484" , "NIKOLAJEWKA" , "VIA NIKOLAJEWKA  15, Brescia, 25100, (BS), Italy" , "Brescia" , "BS" , "Other human health activities" , "Private" , "45.5640323" , "10.24302041" ,
 "http://www.spaghettiopendata.org/sod2017/resources#323003611" , "323003611" , "RSD DI PISOGNE" , "VIALE CADUTI DEL LAVORO  20/A, Pisogne, 25055, (BS), Italy" , "Pisogne" , "BS" , "Other human health activities" , "Private" , "45.80608989" , "10.11139882" ,
 "http://www.spaghettiopendata.org/sod2017/resources#321000120" , "321000120" , "SACRO CUORE DI GESU" , "VIALE SAN GIOVANNI DI DIO  54, San Colombano al Lambro, 20078, (MI), Italy" , "San Colombano al Lambro" , "BS" , "Other human health activities" , "Private" , "45.18155898" , "9.50448297" ,
 "http://www.spaghettiopendata.org/sod2017/resources#326001573" , "326001573" , "VILLA ZANARDELLI" , "VIA ROMA  61, Toscolano Maderno, 25088, (BS), Italy" , "Toscolano Maderno" , "BS" , "Other human health activities" , "Private" , "45.62731347" , "10.58608239" ,
 "http://www.spaghettiopendata.org/sod2017/resources#325001291" , "325001291" , "COMUNITA' FAMIGLIA CASA ALPINI" , "VIA REPUBBLICA  14, Endine Gaiano, 24060, (BG), Italy" , "Endine Gaiano" , "CO" , "Other human health activities" , "Private" , "45.79249787" , "9.9706059" ,
 "http://www.spaghettiopendata.org/sod2017/resources#322002708" , "322002708" , "DALLA CRISALIDE ALLA FARFALLA" , "VIA MONTE GRAPPA  130, Cassina Rizzardi, 22070, (CO), Italy" , "Cassina Rizzardi" , "CO" , "Other human health activities" , "Public" , "45.75022729" , "9.01808754" ,
 "http://www.spaghettiopendata.org/sod2017/resources#324001006" , "324001006" , "GIOVANNI E GIUSTINA MONTI" , "VIA NAZARIO SAURO  5, Mandello del Lario, 23826, (LC), Italy" , "Mandello del Lario" , "CO" , "Other human health activities" , "Private" , "45.9201003" , "9.31939775" ,
 "http://www.spaghettiopendata.org/sod2017/resources#323002911" , "323002911" , "RSD ANFFAS RESIDENCE" , "VIA CASCINELLO ROSSO  1, Grandola ed Uniti, 22010, (CO), Italy" , "Grandola ed Uniti" , "CO" , "Residential care activities" , "Private" , "46.02824952" , "9.20851524" ,
 "http://www.spaghettiopendata.org/sod2017/resources#322000871" , "322000871" , "RSD CASA DEL RESPIRO SANT'ALESSANDRA" , "VIA SANFIDEG  1, Porto Valtravaglia, 21010, (VA), Italy" , "Porto Valtravaglia" , "CO" , "Other human health activities" , "Private" , "45.96019061" , "8.70185609" ,
 "http://www.spaghettiopendata.org/sod2017/resources#322002771" , "322002771" , "RSD CLOTILDE RANGO" , "VIA ALDO MORO  201, Alzate Brianza, 22040, (CO), Italy" , "Alzate Brianza" , "CO" , "Other human health activities" , "Private" , "45.75199869" , "9.19593942" ,
 "http://www.spaghettiopendata.org/sod2017/resources#322002720" , "322002720" , "RSD ELEONORA E LIDIA" , "VIA ORSENIGO  11, Figino Serenza, 22060, (CO), Italy" , "Figino Serenza" , "CO" , "Other human health activities" , "Private" , "45.71060974" , "9.12798047" ,
 "http://www.spaghettiopendata.org/sod2017/resources#322002812" , "322002812" , "RSD SIM-PATIA" , "VIA GIUSEPPE PARINI  180, Valmorea, 22070, (CO), Italy" , "Valmorea" , "CO" , "Other human health activities" , "Private" , "45.81681894" , "8.94078961" ,
 "http://www.spaghettiopendata.org/sod2017/resources#322002865" , "322002865" , "RSD VILLA SANTA MARIA" , "VIA IV NOVEMBRE  21, Tavernerio, 22038, (CO), Italy" , "Tavernerio" , "CO" , "Other human health activities" , "Private" , "45.80313305" , "9.14772335" ,
 "http://www.spaghettiopendata.org/sod2017/resources#322004754" , "322004754" , "VILLA SANTA MARIA 2" , "VIA IV NOVEMBRE  15, Tavernerio, 22038, (CO), Italy" , "Tavernerio" , "CO" , "Other human health activities" , "Private" , "45.80312903" , "9.14651379" ,
 "http://www.spaghettiopendata.org/sod2017/resources#327001977" , "327001977" , "CASA FAMIGLIA PADRE FRANCESCO SPINELLI" , "VIA G.GALILEI  18, Rivolta d'Adda, 26027, (CR), Italy" , "Rivolta d'Adda" , "CR" , "Other human health activities" , "Private" , "45.47010663" , "9.51787006" ,
 "http://www.spaghettiopendata.org/sod2017/resources#327001833" , "327001833" , "FONDAZIONE E.GERMANI CENTRO ASSISTENZIALE SANITARIO ONLUS" , "VIA PIEVE GURATA  11, Cingia de' Botti, 26042, (CR), Italy" , "Cingia de' Botti" , "CR" , "Other human health activities" , "Private" , "45.08621771" , "10.26572364" ,
 "http://www.spaghettiopendata.org/sod2017/resources#327001889" , "327001889" , "FONDAZIONE ISTITUTO OSPEDALIERO - RSD A" , "PIAZZA LIBERTA'  2, Sospiro, 26048, (CR), Italy" , "Sospiro" , "CR" , "Other human health activities" , "Private" , "45.10572931" , "10.15753732" ,
 "http://www.spaghettiopendata.org/sod2017/resources#327001933" , "327001933" , "FONDAZIONE ISTITUTO OSPEDALIERO - RSD B" , "PIAZZA LIBERTA'  2, Sospiro, 26048, (CR), Italy" , "Sospiro" , "CR" , "Other human health activities" , "Private" , "45.10572931" , "10.15753732" ,
 "http://www.spaghettiopendata.org/sod2017/resources#327001794" , "327001794" , "FONDAZIONE ISTITUTO VISMARA - DE PETRI ONLUS" , "VIA CARLO VISMARA  10, San Bassano, 26020, (CR), Italy" , "San Bassano" , "CR" , "Other human health activities" , "Private" , "45.24305415" , "9.81043793" ,
 "http://www.spaghettiopendata.org/sod2017/resources#327001935" , "327001935" , "FONDAZIONE RSA DI SONCINO ONLUS" , "VIA DE MARCHESCHI  7, Soncino, 26029, (CR), Italy" , "Soncino" , "CR" , "Other human health activities" , "Private" , "45.39876476" , "9.87413465" ,
 "http://www.spaghettiopendata.org/sod2017/resources#327001896" , "327001896" , "FONDAZIONE SS.REDENTORE" , "VIA MONSIGNOR GARDINALI  15, Castelverde, 26022, (CR), Italy" , "Castelverde" , "CR" , "Other human health activities" , "Private" , "45.18764495" , "9.99597404" ,
 "http://www.spaghettiopendata.org/sod2017/resources#326009022" , "326009022" , "RSD LEONARDO ARVEDI" , "VIA MANTOVA  89, Brescia, 25100, (BS), Italy" , "Brescia" , "CR" , "Other human health activities" , "Private" , "45.53253598" , "10.23597413" ,
 "http://www.spaghettiopendata.org/sod2017/resources#326009023" , "326009023" , "RSD MARIE CURIE" , "VIA SONVIGO  22, Bedizzole, 25081, (BS), Italy" , "Bedizzole" , "CR" , "Other human health activities" , "Private" , "45.50961201" , "10.43116699" ,
 "http://www.spaghettiopendata.org/sod2017/resources#321000080" , "321000080" , "MATER GRATIAE" , "VIA CORRADO II IL SALICO  50, Milano, 20100, (MI), Italy" , "Milano" , "FI" , "Other human health activities" , "Private" , "45.44137857" , "9.19524063" ,
 "http://www.spaghettiopendata.org/sod2017/resources#90309090301" , "90309090301" , "AZ. OSPEDALIERO - UNIVERSITARIA CAREGGI" , "Largo Brambilla, 3, Firenze, 50134 (FIRENZE), Italy" , "Firenze" , "FIRENZE" , "Hospital activities" , "Unknown" ,  ,  ,
 "http://www.spaghettiopendata.org/sod2017/resources#90409090401" , "90409090401" , "AZIENDA OSPEDALIERA MEYER" , "VIALE PIERACCINI 24, Firenze, 50139 (FIRENZE), Italy" , "Firenze" , "FIRENZE" , "Hospital activities" , "Unknown" ,  ,  ,
 "http://www.spaghettiopendata.org/sod2017/resources#11009022001" , "11009022001" , "C.  Onc.co F.no Casa di C. Villanova SRL" , "VIA ATTILIO RAGIONIERI 101, Sesto Fiorentino, 50019 (FIRENZE), Italy" , "Sesto Fiorentino" , "FIRENZE" , "Hospital activities" , "Unknown" ,  ,  ,
 "http://www.spaghettiopendata.org/sod2017/resources#11109023501" , "11109023501" , "CASA DI CURA "LEONARDO"" , "VIA PIETRO GROCCO 100 - SOVIGLIANA, Vinci, 50059 (FIRENZE), Italy" , "Vinci" , "FIRENZE" , "Residential care activities" , "Unknown" ,  ,  ,
 "http://www.spaghettiopendata.org/sod2017/resources#11009024001" , "11009024001" , "CASA DI CURA FRATE SOLE  SRL" , "VIA SAN ROMOLO, Figline e Incisa Valdarno, 50063 (FIRENZE), Italy" , "Figline e Incisa Valdarno" , "FIRENZE" , "Residential care activities" , "Unknown" ,  ,  ,
 "http://www.spaghettiopendata.org/sod2017/resources#11009022801" , "11009022801" , "CASA DI CURA POGGIO SERENO  srl" , "VIA BENEDETTO DA MAIANO 14, Fiesole, 50014 (FIRENZE), Italy" , "Fiesole" , "FIRENZE" , "Residential care activities" , "Unknown" ,  ,  ,
 "http://www.spaghettiopendata.org/sod2017/resources#11009023001" , "11009023001" , "CASA DI CURA VAL DI SIEVE srl" , "VIA FORLIVESE 122, Pelago, 50060 (FIRENZE), Italy" , "Pelago" , "FIRENZE" , "Residential care activities" , "Unknown" ,  ,  ,
 "http://www.spaghettiopendata.org/sod2017/resources#11009021401" , "11009021401" , "CASA DI CURA VILLA CHERUBINI PROSPERIUS" , "VIA CHERUBINI 8, Firenze, 50121 (FIRENZE), Italy" , "Firenze" , "FIRENZE" , "Residential care activities" , "Unknown" ,  ,  ,
 "http://www.spaghettiopendata.org/sod2017/resources#11009021301" , "11009021301" , "CASA DI CURA VILLA DONATELLO SPA" , "PIAZZALE DONATELLO 14, Firenze, 50132 (FIRENZE), Italy" , "Firenze" , "FIRENZE" , "Residential care activities" , "Unknown" ,  ,  ,
 "http://www.spaghettiopendata.org/sod2017/resources#11009024301" , "11009024301" , "Centro Day Surgery Maurizio Bufalini srl" , "Via Gino Capponi 26, Firenze, 50121 (FIRENZE), Italy" , "Firenze" , "FIRENZE" , "Hospital activities" , "Unknown" ,  ,  ,
 "http://www.spaghettiopendata.org/sod2017/resources#11009091001" , "11009091001" , "FONDAZIONE DON CARLO GNOCCHI - ONLUS" , "VIA DI SCANDICCI, Firenze, 50143 (FIRENZE), Italy" , "Firenze" , "FIRENZE" , "Hospital activities" , "Unknown" ,  ,  ,
 "http://www.spaghettiopendata.org/sod2017/resources#11009021801" , "11009021801" , "IFCA SPA Casa di Cura Ulivella e Glicini" , "VIA DEL PERGOLINO, Firenze, 50139 (FIRENZE), Italy" , "Firenze" , "FIRENZE" , "Residential care activities" , "Unknown" ,  ,  ,
 "http://www.spaghettiopendata.org/sod2017/resources#11009022401" , "11009022401" , "ISTITUTO  REUMATOLOGICO  MUNARI  S.R.L" , "VIALE GIUSEPPE MAZZINI 38, Firenze, 50132 (FIRENZE), Italy" , "Firenze" , "FIRENZE" , "Hospital activities" , "Unknown" ,  ,  ,
 "http://www.spaghettiopendata.org/sod2017/resources#11009024401" , "11009024401" , "Life Cronos SRL - Villa delle Rose" , "Cosimo il Vecchio 8/10, Firenze, 50139 (FIRENZE), Italy" , "Firenze" , "FIRENZE" , "Hospital activities" , "Unknown" ,  ,  ,
 "http://www.spaghettiopendata.org/sod2017/resources#11009062701" , "11009062701" , "OSPEDALE DI BORGO SAN LORENZO" , "VIALE DELLA RESISTENZA, Borgo San Lorenzo, 50032 (FIRENZE), Italy" , "Borgo San Lorenzo" , "FIRENZE" , "Hospital activities" , "Unknown" ,  ,  ,
 "http://www.spaghettiopendata.org/sod2017/resources#11009063201" , "11009063201" , "OSPEDALE FIORENTINO" , "P.ZZA S. M. NUOVA, 1, Firenze, 50122 (FIRENZE), Italy" , "Firenze" , "FIRENZE" , "Hospital activities" , "Unknown" ,  ,  ,
 "http://www.spaghettiopendata.org/sod2017/resources#11009063206" , "11009063206" , "OSPEDALE FIORENTINO" , "VIA DELLE OBLATE,4, Firenze, 50141 (FIRENZE), Italy" , "Firenze" , "FIRENZE" , "Hospital activities" , "Unknown" ,  ,  ,
 "http://www.spaghettiopendata.org/sod2017/resources#11009063203" , "11009063203" , "OSPEDALE FIORENTINO" , "VIA TORRE GALLI, 3, Firenze, 50143 (FIRENZE), Italy" , "Firenze" , "FIRENZE" , "Hospital activities" , "Unknown" ,  ,  ,
 "http://www.spaghettiopendata.org/sod2017/resources#11009063202" , "11009063202" , "OSPEDALE FIORENTINO" , "VIALE MICHELANGELO, 41, Firenze, 50125 (FIRENZE), Italy" , "Firenze" , "FIRENZE" , "Hospital activities" , "Unknown" ,  ,  ,
 "http://www.spaghettiopendata.org/sod2017/resources#11009062902" , "11009062902" , "OSPEDALE FIORENTINO SUD-EST" , "PIAZZA XXV APRILE 10, Bagno A Ripoli, 50063 (FIRENZE), Italy" , "Bagno A Ripoli" , "FIRENZE" , "Hospital activities" , "Unknown" ,  ,  ,
 "http://www.spaghettiopendata.org/sod2017/resources#11009062901" , "11009062901" , "OSPEDALE FIORENTINO SUD-EST" , "VIA DELL'ANTELLA 58, Bagno A Ripoli, 50012 (FIRENZE), Italy" , "Bagno A Ripoli" , "FIRENZE" , "Hospital activities" , "Unknown" ,  ,  ,
 "http://www.spaghettiopendata.org/sod2017/resources#11109064203" , "11109064203" , "Presidio Ospedaliero Asl 11 Empoli" , "Piazza Lavagnini, Empoli, 50054 (FIRENZE), Italy" , "Empoli" , "FIRENZE" , "Hospital activities" , "Unknown" ,  ,  ,
 "http://www.spaghettiopendata.org/sod2017/resources#11109064204" , "11109064204" , "Presidio Ospedaliero Asl 11 Empoli" , "Piazza XX Settembre, Empoli, 56028 (FIRENZE), Italy" , "Empoli" , "FIRENZE" , "Hospital activities" , "Unknown" ,  ,  ,
 "http://www.spaghettiopendata.org/sod2017/resources#11109064201" , "11109064201" , "Presidio Ospedaliero Asl 11 Empoli" , "Via Dei Mille, Empoli, 50051 (FIRENZE), Italy" , "Empoli" , "FIRENZE" , "Hospital activities" , "Unknown" ,  ,  ,
 "http://www.spaghettiopendata.org/sod2017/resources#11109064202" , "11109064202" , "Presidio Ospedaliero Asl 11 Empoli" , "Viale Boccaccio, Empoli, 50053 (FIRENZE), Italy" , "Empoli" , "FIRENZE" , "Hospital activities" , "Unknown" ,  ,  ,
 "http://www.spaghettiopendata.org/sod2017/resources#11009021601" , "11009021601" , "VILLA DEI PINI S.R.L." , "VIA UGO FOSCOLO 78, Firenze, 50124 (FIRENZE), Italy" , "Firenze" , "FIRENZE" , "Hospital activities" , "Unknown" ,  ,  ,
 "http://www.spaghettiopendata.org/sod2017/resources#11009022901" , "11009022901" , "VILLA DELLE TERME SPA" , "VIA CASSIA 217, Impruneta, 50023 (FIRENZE), Italy" , "Impruneta" , "FIRENZE" , "Hospital activities" , "Unknown" ,  ,  ,
 "http://www.spaghettiopendata.org/sod2017/resources#11009022701" , "11009022701" , "VILLA DELLE TERME SPA" , "VIA MARCONI 4, Firenze, 50131 (FIRENZE), Italy" , "Firenze" , "FIRENZE" , "Hospital activities" , "Unknown" ,  ,  ,
 "http://www.spaghettiopendata.org/sod2017/resources#11009022501" , "11009022501" , "VILLA DELLE TERME SPA" , "VIALE MAZZINI 43, Firenze, 50132 (FIRENZE), Italy" , "Firenze" , "FIRENZE" , "Hospital activities" , "Unknown" ,  ,  ,
 "http://www.spaghettiopendata.org/sod2017/resources#11009021501" , "11009021501" , "VILLA MARIA BEATRICE HOSPITAL SRL" , "VIA A. MANZONI 12, Firenze, 50121 (FIRENZE), Italy" , "Firenze" , "FIRENZE" , "Hospital activities" , "Unknown" ,  ,  ,
 "http://www.spaghettiopendata.org/sod2017/resources#11009021901" , "11009021901" , "VILLA MARIA TERESA HOSPITAL SRL" , "VIA DELLA CERNAIA 18, Firenze, 50129 (FIRENZE), Italy" , "Firenze" , "FIRENZE" , "Hospital activities" , "Unknown" ,  ,  ,
 "http://www.spaghettiopendata.org/sod2017/resources#10909062301" , "10909062301" , "OSPEDALE  S.ANDREA   MASSA MARITTIMA" , "VIA RISORGIMENTO,43 - MASSA MARITTIMA, Massa Marittima, 58024 (GROSSETO), Italy" , "Massa Marittima" , "GROSSETO" , "Hospital activities" , "Unknown" ,  ,  ,
 "http://www.spaghettiopendata.org/sod2017/resources#10909062501" , "10909062501" , "OSPEDALE CIVILE DI CASTEL DEL PIANO" , "VIA DANTE ALIGHIERI, Castel del Piano, 58033 (GROSSETO), Italy" , "Castel del Piano" , "GROSSETO" , "Hospital activities" , "Unknown" ,  ,  ,
 "http://www.spaghettiopendata.org/sod2017/resources#10909062601" , "10909062601" , "OSPEDALE DELLA MISERICORDIA GROSSETO" , "VIA SENESE, 169 - GROSSETO, Grosseto, 58100 (GROSSETO), Italy" , "Grosseto" , "GROSSETO" , "Hospital activities" , "Unknown" ,  ,  ,
 "http://www.spaghettiopendata.org/sod2017/resources#10909062402" , "10909062402" , "OSPEDALE DELLE COLLINE DELL'ALBEGNA" , "LUNGOLAGO DEI PESCATORI, Orbetello, 58015 (GROSSETO), Italy" , "Orbetello" , "GROSSETO" , "Hospital activities" , "Unknown" ,  ,  ,
 "http://www.spaghettiopendata.org/sod2017/resources#10909062403" , "10909062403" , "OSPEDALE DELLE COLLINE DELL'ALBEGNA" , "VIA N.CIACCI, 30, Orbetello, 58017 (GROSSETO), Italy" , "Orbetello" , "GROSSETO" , "Hospital activities" , "Unknown" ,  ,  ,
 "http://www.spaghettiopendata.org/sod2017/resources#324001002" , "324001002" , "LA CASA DI FRANCO" , "VIA PERLINO  16, Colico, 23823, (LC), Italy" , "Colico" , "LC" , "Other human health activities" , "Private" , "46.12692523" , "9.3740159" ,
 "http://www.spaghettiopendata.org/sod2017/resources#10609023401" , "10609023401" , "CASA DI CURA VILLA TIRRENA" , "VIA MONTEBELLO, 102, Livorno, 57100 (LIVORNO), Italy" , "Livorno" , "LIVORNO" , "Residential care activities" , "Unknown" ,  ,  ,
 "http://www.spaghettiopendata.org/sod2017/resources#10609061201" , "10609061201" , "OSPEDALE CECINA" , "VIA DELLA LADRONAIA, Cecina, 57023 (LIVORNO), Italy" , "Cecina" , "LIVORNO" , "Hospital activities" , "Unknown" ,  ,  ,
 "http://www.spaghettiopendata.org/sod2017/resources#10609061501" , "10609061501" , "OSPEDALE DI PORTOFERRAIO" , "LOC. S. ROCCO, Portoferraio, 57027 (LIVORNO), Italy" , "Portoferraio" , "LIVORNO" , "Hospital activities" , "Unknown" ,  ,  ,
 "http://www.spaghettiopendata.org/sod2017/resources#10609061301" , "10609061301" , "OSPEDALE LIVORNO" , "VIALE ALFIERI, Livorno, 57100 (LIVORNO), Italy" , "Livorno" , "LIVORNO" , "Hospital activities" , "Unknown" ,  ,  ,
 "http://www.spaghettiopendata.org/sod2017/resources#10609061401" , "10609061401" , "OSPEDALE PIOMBINO" , "VIA FORLANINI, 24, Piombino, 57025 (LIVORNO), Italy" , "Piombino" , "LIVORNO" , "Hospital activities" , "Unknown" ,  ,  ,
 "http://www.spaghettiopendata.org/sod2017/resources#321005887" , "321005887" , "FAGGIO ROSSO" , "VIA FELICE CAVALLOTTI  4, Codogno, 26845, (LO), Italy" , "Codogno" , "LO" , "Other human health activities" , "Private" , "45.16159917" , "9.70495558" ,
 "http://www.spaghettiopendata.org/sod2017/resources#321000587" , "321000587" , "RSD  FONDAZIONE STEFANO ED ANGELA DANELLI" , "VIA PAOLO GORINI  38, Lodi, 26900, (LO), Italy" , "Lodi" , "LO" , "Other human health activities" , "Private" , "45.31263816" , "9.50845949" ,
 "http://www.spaghettiopendata.org/sod2017/resources#321000392" , "321000392" , "RSD "AMICIZIA"" , "VIA FELICE CAVALLOTTI  6, Codogno, 26845, (LO), Italy" , "Codogno" , "LO" , "Other human health activities" , "Private" , "45.16128824" , "9.70540697" ,
 "http://www.spaghettiopendata.org/sod2017/resources#321000093" , "321000093" , "RSD "PRIMAVERA"" , "VIA FELICE CAVALLOTTI  6, Codogno, 26845, (LO), Italy" , "Codogno" , "LO" , "Other human health activities" , "Private" , "45.16128824" , "9.70540697" ,
 "http://www.spaghettiopendata.org/sod2017/resources#10209020401" , "10209020401" , "C. DI CURA M.D. BARBANTINI SANTA CHIARA" , "VIA DEL CALCIO, 2, Lucca, 55100 (LUCCA), Italy" , "Lucca" , "LUCCA" , "Hospital activities" , "Unknown" ,  ,  ,
 "http://www.spaghettiopendata.org/sod2017/resources#10209020601" , "10209020601" , "C.CURA VILLE DI NOZZANO S.STEFANO RIAB." , "VIA BORDOGNA, 144-NOZZANO, Lucca, 55050 (LUCCA), Italy" , "Lucca" , "LUCCA" , "Hospital activities" , "Unknown" ,  ,  ,
 "http://www.spaghettiopendata.org/sod2017/resources#11209020201" , "11209020201" , "CASA CURA S.CAMILLO-FON. OPERA S.CAMILLO" , "VIA P.IGNAZIO da CARRARA 37, Forte dei Marmi, 55042 (LUCCA), Italy" , "Forte dei Marmi" , "LUCCA" , "Hospital activities" , "Unknown" ,  ,  ,
 "http://www.spaghettiopendata.org/sod2017/resources#11209020301" , "11209020301" , "CASA DI CURA "BARBANTINI"" , "VIA FOSSO GUIDARIO LOC. BICCHIO, Viareggio, 55049 (LUCCA), Italy" , "Viareggio" , "LUCCA" , "Residential care activities" , "Unknown" ,  ,  ,
 "http://www.spaghettiopendata.org/sod2017/resources#10209020501" , "10209020501" , "CASA DI CURA S.ZITA" , "VIA DEL PANIFICIO, 13, Lucca, 55100 (LUCCA), Italy" , "Lucca" , "LUCCA" , "Residential care activities" , "Unknown" ,  ,  ,
 "http://www.spaghettiopendata.org/sod2017/resources#11209064001" , "11209064001" , "OSPEDALE VERSILIA" , "VIA AURELIA, 335, Camaiore, 55043 (LUCCA), Italy" , "Camaiore" , "LUCCA" , "Hospital activities" , "Unknown" ,  ,  ,
 "http://www.spaghettiopendata.org/sod2017/resources#10209060401" , "10209060401" , "PRESIDIO OSPEDALIERO SAN LUCA" , "Via Guglielmo Lippi Francesconi, Lucca, 55100 (LUCCA), Italy" , "Lucca" , "LUCCA" , "Hospital activities" , "Unknown" ,  ,  ,
 "http://www.spaghettiopendata.org/sod2017/resources#10209060301" , "10209060301" , "PRESIDIO OSPEDALIERO VALLE DEL SERCHIO" , "VIA DELL'OSPEDALE,1-CASTELNUOVO DI GARF., Castelnuovo di Garfagnana, 55032 (LUCCA), Italy" , "Castelnuovo di Garfagnana" , "LUCCA" , "Hospital activities" , "Unknown" ,  ,  ,
 "http://www.spaghettiopendata.org/sod2017/resources#10209060302" , "10209060302" , "PRESIDIO OSPEDALIERO VALLE DEL SERCHIO" , "VIA FRATI-BARGA, Castelnuovo di Garfagnana, 55051 (LUCCA), Italy" , "Castelnuovo di Garfagnana" , "LUCCA" , "Hospital activities" , "Unknown" ,  ,  ,
 "http://www.spaghettiopendata.org/sod2017/resources#10109024101" , "10109024101" , "Cen.S. Maria alla Pineta  F. don Gnocchi" , "Via istriana N�24, Massa, 54100 (MASSA E CARRARA), Italy" , "Massa" , "MASSA E CARRARA" , "Hospital activities" , "Unknown" ,  ,  ,
 "http://www.spaghettiopendata.org/sod2017/resources#10109060101" , "10109060101" , "Presidio Ospedaliero  Zona Lunigiana" , "SALITA S.FRANCESCO 1, Fivizzano, 54013 (MASSA E CARRARA), Italy" , "Fivizzano" , "MASSA E CARRARA" , "Hospital activities" , "Unknown" ,  ,  ,
 "http://www.spaghettiopendata.org/sod2017/resources#10109060102" , "10109060102" , "Presidio Ospedaliero  Zona Lunigiana" , "VIA NAZIONALE, Fivizzano, 54027 (MASSA E CARRARA), Italy" , "Fivizzano" , "MASSA E CARRARA" , "Hospital activities" , "Unknown" ,  ,  ,
 "http://www.spaghettiopendata.org/sod2017/resources#10109060201" , "10109060201" , "Presidio Ospedaliero Zona  Apuana" , "PIAZZA SACCO E VANZETTI, Carrara, 54033 (MASSA E CARRARA), Italy" , "Carrara" , "MASSA E CARRARA" , "Hospital activities" , "Unknown" ,  ,  ,
 "http://www.spaghettiopendata.org/sod2017/resources#10109060203" , "10109060203" , "Presidio Ospedaliero Zona  Apuana" , "VIA ORECCHIA, Carrara, 54100 (MASSA E CARRARA), Italy" , "Carrara" , "MASSA E CARRARA" , "Hospital activities" , "Unknown" ,  ,  ,
 "http://www.spaghettiopendata.org/sod2017/resources#324000996" , "324000996" , "RSD BEATO PAPA GIOVANNI XXIII" , "VIA MONTE GRAPPA  40, Limbiate, 20812, (MB), Italy" , "Limbiate" , "MB" , "Other human health activities" , "Public" , "45.61499189" , "9.12568681" ,
 "http://www.spaghettiopendata.org/sod2017/resources#324001095" , "324001095" , "RSD LUIGI E DARIO VILLA" , "VIA BUONARROTI  13, Muggiò, 20835, (MB), Italy" , "Muggiò" , "MB" , "Other human health activities" , "Private" , "45.59139504" , "9.23319078" ,
 "http://www.spaghettiopendata.org/sod2017/resources#324001057" , "324001057" , "RSD SAN PIETRO" , "VIALE CESARE BATTISTI  86, Monza, 20900, (MB), Italy" , "Monza" , "MB" , "Other human health activities" , "Private" , "45.59111794" , "9.25570739" ,
 "http://www.spaghettiopendata.org/sod2017/resources#321000465" , "321000465" , "ANTONIO SANSONE" , "VIA PERSEGHETTO  33, Rozzano, 20089, (MI), Italy" , "Rozzano" , "MI" , "Other human health activities" , "Private" , "45.37564926" , "9.16389111" ,
 "http://www.spaghettiopendata.org/sod2017/resources#324001122" , "324001122" , "CASA DEI RAGAZZI ISTITUTO ASSISTENZA MINORI ED ANZIANI-ONLUS" , "VIA DEL CASTELLO  1, Olgiate Molgora, 23887, (LC), Italy" , "Olgiate Molgora" , "MI" , "Other human health activities" , "Private" , "45.73883607" , "9.41178676" ,
 "http://www.spaghettiopendata.org/sod2017/resources#321000644" , "321000644" , "CENTRO S. MARIA NASCENTE" , "VIA CAPECELATRO  66, Milano, 20100, (MI), Italy" , "Milano" , "MI" , "Other human health activities" , "Private" , "45.4728564" , "9.1277588" ,
 "http://www.spaghettiopendata.org/sod2017/resources#328002220" , "328002220" , "CENTRO SANTA MARIA ALLE FONTI" , "VIA MANGIAGALLI  52, Godiasco, 27052, (PV), Italy" , "Godiasco" , "MI" , "Other human health activities" , "Private" , "44.91071078" , "9.02758657" ,
 "http://www.spaghettiopendata.org/sod2017/resources#322000771" , "322000771" , "EDIFICIO MONSIGNOR POGLIANI" , "VIA PASCOLI  15, Cocquio Trevisago, 21034, (VA), Italy" , "Cocquio Trevisago" , "MI" , "Other human health activities" , "Private" , "45.8554018" , "8.7014908" ,
 "http://www.spaghettiopendata.org/sod2017/resources#322000811" , "322000811" , "EDIFICIO SCUOLE" , "VIA PASCOLI  15, Cocquio Trevisago, 21034, (VA), Italy" , "Cocquio Trevisago" , "MI" , "Other human health activities" , "Private" , "45.8554018" , "8.7014908" ,
 "http://www.spaghettiopendata.org/sod2017/resources#324001162" , "324001162" , "ISTITUTO SACRA FAMIGLIA" , "VIA STRADA DEL VERDE  11, Perledo, 23828, (LC), Italy" , "Perledo" , "MI" , "Other human health activities" , "Private" , "46.02764215" , "9.28669994" ,
 "http://www.spaghettiopendata.org/sod2017/resources#321000512" , "321000512" , "LA PAROLINA" , "VIA BOCCACCIO  18, Cernusco sul Naviglio, 20063, (MI), Italy" , "Cernusco sul Naviglio" , "MI" , "Other human health activities" , "Private" , "45.53105454" , "9.3434034" ,
 "http://www.spaghettiopendata.org/sod2017/resources#321000377" , "321000377" , "LA PICCOLA CASA DEL RIFUGIO" , "VIA G. ANTONINI  3, Milano, 20100, (MI), Italy" , "Milano" , "MI" , "Other human health activities" , "Private" , "45.43733355" , "9.1892777" ,
 "http://www.spaghettiopendata.org/sod2017/resources#321000175" , "321000175" , "LA TENDA" , "VIA NEWTON  1, Milano, 20100, (MI), Italy" , "Milano" , "MI" , "Other human health activities" , "Private" , "45.47318631" , "9.1335626" ,
 "http://www.spaghettiopendata.org/sod2017/resources#328002119" , "328002119" , "MARCO TEGGIA" , "VIA MANARA NEGRONE  28, Vigevano, 27029, (PV), Italy" , "Vigevano" , "MI" , "Other human health activities" , "Private" , "45.32396643" , "8.85943819" ,
 "http://www.spaghettiopendata.org/sod2017/resources#322000820" , "322000820" , "PICCOLA CASA DIVINA PROVVIDENZA" , "VIA CAMPIGLI  43, Varese, 21100, (VA), Italy" , "Varese" , "MI" , "Other human health activities" , "Private" , "45.82006904" , "8.80778298" ,
 "http://www.spaghettiopendata.org/sod2017/resources#321000583" , "321000583" , "PICCOLO COTTOLENGO DON ORIONE" , "VIALE C. DA FORLI'  19, Milano, 20100, (MI), Italy" , "Milano" , "MI" , "Other human health activities" , "Private" , "45.45958749" , "9.14568845" ,
 "http://www.spaghettiopendata.org/sod2017/resources#321000075" , "321000075" , "R.S.D. CA' LUIGI" , "VIA SAN CARLO  13, Arluno, 20010, (MI), Italy" , "Arluno" , "MI" , "Other human health activities" , "Private" , "45.52118657" , "8.96033676" ,
 "http://www.spaghettiopendata.org/sod2017/resources#321000458" , "321000458" , "R.S.D. LA SEQUOIA" , "VIA GALILEO FERRARIS  30, Legnano, 20025, (MI), Italy" , "Legnano" , "MI" , "Other human health activities" , "Private" , "45.59696692" , "8.92886272" ,
 "http://www.spaghettiopendata.org/sod2017/resources#321000366" , "321000366" , "R.S.D. PROGETTO DIAMANTE" , "VIA SILVIO PELLICO  19, Arconate, 20020, (MI), Italy" , "Arconate" , "MI" , "Other human health activities" , "Private" , "45.5396111" , "8.84533597" ,
 "http://www.spaghettiopendata.org/sod2017/resources#321000047" , "321000047" , "R.S.D. S. GIOVANNI" , "PIAZZA MONSIGNOR L. MONETA  1, Cesano Boscone, 20090, (MI), Italy" , "Cesano Boscone" , "MI" , "Other human health activities" , "Private" , "45.44920934" , "9.09329317" ,
 "http://www.spaghettiopendata.org/sod2017/resources#321000327" , "321000327" , "R.S.D. S. RICCARDO" , "PIAZZA MONSIGNOR L. MONETA  1, Cesano Boscone, 20090, (MI), Italy" , "Cesano Boscone" , "MI" , "Other human health activities" , "Private" , "45.44920934" , "9.09329317" ,
 "http://www.spaghettiopendata.org/sod2017/resources#321000498" , "321000498" , "R.S.D. S. RITA" , "PIAZZA MONSIGNOR L. MONETA  1, Cesano Boscone, 20090, (MI), Italy" , "Cesano Boscone" , "MI" , "Other human health activities" , "Private" , "45.44920934" , "9.09329317" ,
 "http://www.spaghettiopendata.org/sod2017/resources#321000654" , "321000654" , "R.S.D. S.ANNA/S.AGNESE" , "PIAZZA MONSIGNOR L. MONETA  1, Cesano Boscone, 20090, (MI), Italy" , "Cesano Boscone" , "MI" , "Other human health activities" , "Private" , "45.44920934" , "9.09329317" ,
 "http://www.spaghettiopendata.org/sod2017/resources#321000656" , "321000656" , "R.S.D. S.BENEDETTO" , "PIAZZA MONSIGNOR L. MONETA  1, Cesano Boscone, 20090, (MI), Italy" , "Cesano Boscone" , "MI" , "Other human health activities" , "Private" , "45.44920934" , "9.09329317" ,
 "http://www.spaghettiopendata.org/sod2017/resources#321000322" , "321000322" , "R.S.D. S.GIUSEPPE" , "PIAZZA MONSIGNOR L. MONETA  1, Cesano Boscone, 20090, (MI), Italy" , "Cesano Boscone" , "MI" , "Other human health activities" , "Private" , "45.44920934" , "9.09329317" ,
 "http://www.spaghettiopendata.org/sod2017/resources#321000326" , "321000326" , "R.S.D. S.TERESINA" , "PIAZZA MONSIGNOR L. MONETA  1, Cesano Boscone, 20090, (MI), Italy" , "Cesano Boscone" , "MI" , "Other human health activities" , "Private" , "45.44920934" , "9.09329317" ,
 "http://www.spaghettiopendata.org/sod2017/resources#321000655" , "321000655" , "R.S.D. SANTA CATERINA" , "VIA GIOVANNI PAOLO II  10, Settimo Milanese, 20019, (MI), Italy" , "Settimo Milanese" , "MI" , "Other human health activities" , "Private" , "45.48493986" , "9.06017649" ,
 "http://www.spaghettiopendata.org/sod2017/resources#324001151" , "324001151" , "RSD PICCOLO COTTOLENGO DI DON ORIONE" , "VIA VERDI  95, Seregno, 20831, (MB), Italy" , "Seregno" , "MI" , "Other human health activities" , "Private" , "45.65895254" , "9.20368925" ,
 "http://www.spaghettiopendata.org/sod2017/resources#321004836" , "321004836" , "RSD VILLA PELUCCA" , "VIA TOMMASO CAMPANELLA  8, Sesto San Giovanni, 20099, (MI), Italy" , "Sesto San Giovanni" , "MI" , "Other human health activities" , "Private" , "45.55268878" , "9.25839787" ,
 "http://www.spaghettiopendata.org/sod2017/resources#321000167" , "321000167" , "SIMONA SORGE" , "VIA VIA BOCCACCIO  18, Inzago, 20065, (MI), Italy" , "Inzago" , "MI" , "Other human health activities" , "Private" , "45.5447916" , "9.4775398" ,
 "http://www.spaghettiopendata.org/sod2017/resources#323002915" , "323002915" , "VILLA ARCHE'" , "VIA NAZARIO SAURO  49, Menaggio, 22017, (CO), Italy" , "Menaggio" , "MI" , "Other human health activities" , "Private" , "46.02504607" , "9.23410308" ,
 "http://www.spaghettiopendata.org/sod2017/resources#327001846" , "327001846" , "IL POSTO DELLE FRAGOLE" , "VIA ILARIA ALPI  1, Mantova, 46100, (MN), Italy" , "Mantova" , "MN" , "Other human health activities" , "Private" , "45.14711007" , "10.77860877" ,
 "http://www.spaghettiopendata.org/sod2017/resources#327004871" , "327004871" , "R.S.D. FILOS" , "VIA FIUME  SN, Marcaria, 46010, (MN), Italy" , "Marcaria" , "MN" , "Other human health activities" , "Private" ,  ,  ,
 "http://www.spaghettiopendata.org/sod2017/resources#327003459" , "327003459" , "ROSSO NANO" , "VIA DEI TOSCANI  1, Mantova, 46100, (MN), Italy" , "Mantova" , "MN" , "Other human health activities" , "Private" , "45.14745304" , "10.7551947" ,
 "http://www.spaghettiopendata.org/sod2017/resources#327001782" , "327001782" , "RSD SAN PIETRO" , "VIA SAN PIETRO  28/B, Castiglione delle Stiviere, 46043, (MN), Italy" , "Castiglione delle Stiviere" , "MN" , "Other human health activities" , "Private" , "45.39446788" , "10.48541534" ,
 "http://www.spaghettiopendata.org/sod2017/resources#321000400" , "321000400" , "RSD BRESSO" , "VIA DON VERCESI  41, Bresso, 20091, (MI), Italy" , "Bresso" , "PD" , "Other human health activities" , "Private" , "45.53029451" , "9.19857453" ,
 "http://www.spaghettiopendata.org/sod2017/resources#10509090901" , "10509090901" , "AUXILIUM VITAE VOLTERRA SPA" , "BORGO SAN LAZZARO, 5, Volterra, 56048 (PISA), Italy" , "Volterra" , "PISA" , "Hospital activities" , "Unknown" ,  ,  ,
 "http://www.spaghettiopendata.org/sod2017/resources#90109090101" , "90109090101" , "AZIENDA OSPEDALIERO-UNIVERSITARIA PISANA" , "via Roma 67, Pisa, 56126 (PISA), Italy" , "Pisa" , "PISA" , "Hospital activities" , "Unknown" ,  ,  ,
 "http://www.spaghettiopendata.org/sod2017/resources#10509023201" , "10509023201" , "CASA DI CURA PRIVATA DELLA MISERICORDIA" , "VIA CARLO CAMMEO , 24, Cascina, 56023 (PISA), Italy" , "Cascina" , "PISA" , "Residential care activities" , "Private" ,  ,  ,
 "http://www.spaghettiopendata.org/sod2017/resources#10509023301" , "10509023301" , "CASA DI CURA PRIVATA SAN ROSSORE S.R.L." , "VIALE DELLE CASCINE,152/F, Pisa, 56122 (PISA), Italy" , "Pisa" , "PISA" , "Residential care activities" , "Private" ,  ,  ,
 "http://www.spaghettiopendata.org/sod2017/resources#10509023101" , "10509023101" , "CASA DI CURA SUORE DELL'ADDOLORATA" , "VIA MANZONI, 13, Pisa, 56125 (PISA), Italy" , "Pisa" , "PISA" , "Residential care activities" , "Unknown" ,  ,  ,
 "http://www.spaghettiopendata.org/sod2017/resources#90109090601" , "90109090601" , "FONDAZIONE STELLA MARIS - CALAMBRONE" , "VIALE DEL TIRRENO 331 - CALAMBRONE, Pisa, 56018 (PISA), Italy" , "Pisa" , "PISA" , "Hospital activities" , "Unknown" ,  ,  ,
 "http://www.spaghettiopendata.org/sod2017/resources#90709090702" , "90709090702" , "Fondazione CNR-RT G. Monasterio" , "Via Aurelia Sud - Montepepe, Pisa, 54100 (PISA), Italy" , "Pisa" , "PISA" , "Hospital activities" , "Unknown" ,  ,  ,
 "http://www.spaghettiopendata.org/sod2017/resources#90709090701" , "90709090701" , "Fondazione CNR-RT G. Monasterio" , "Via Moruzzi 1, Pisa, 56124 (PISA), Italy" , "Pisa" , "PISA" , "Hospital activities" , "Unknown" ,  ,  ,
 "http://www.spaghettiopendata.org/sod2017/resources#10509061001" , "10509061001" , "PRESIDIO OSPEDALIERO "FELICE LOTTI"" , "VIA ROMA,180, Pontedera, 56025 (PISA), Italy" , "Pontedera" , "PISA" , "Hospital activities" , "Unknown" ,  ,  ,
 "http://www.spaghettiopendata.org/sod2017/resources#10509061002" , "10509061002" , "PRESIDIO OSPEDALIERO "FELICE LOTTI"" , "Via Roma , Pontedera, 56126 (PISA), Italy" , "Pontedera" , "PISA" , "Hospital activities" , "Unknown" ,  ,  ,
 "http://www.spaghettiopendata.org/sod2017/resources#10509060901" , "10509060901" , "PRESIDIO OSPEDALIERO "S.MARIA MADDALENA"" , "BORGO SAN LAZZARO,5, Volterra, 56048 (PISA), Italy" , "Volterra" , "PISA" , "Hospital activities" , "Unknown" ,  ,  ,
 "http://www.spaghettiopendata.org/sod2017/resources#10309020701" , "10309020701" , "CASA DI CURA S. RITA" , "V. MANIN N. 29, Montecatini-Terme, 51016 (PISTOIA), Italy" , "Montecatini-Terme" , "PISTOIA" , "Residential care activities" , "Unknown" ,  ,  ,
 "http://www.spaghettiopendata.org/sod2017/resources#10309060701" , "10309060701" , "OSPEDALE DELLA VALDINIEVOLE" , "V. CESARE BATTISTI, Pescia, 51017 (PISTOIA), Italy" , "Pescia" , "PISTOIA" , "Hospital activities" , "Unknown" ,  ,  ,
 "http://www.spaghettiopendata.org/sod2017/resources#10309060602" , "10309060602" , "SPEDALI RIUNITI" , "V. PACINI N. 17 S. MARCELLO, Pistoia, 51028 (PISTOIA), Italy" , "Pistoia" , "PISTOIA" , "Hospital activities" , "Unknown" ,  ,  ,
 "http://www.spaghettiopendata.org/sod2017/resources#10309060601" , "10309060601" , "SPEDALI RIUNITI" , "Via Ciliegiole, 97, Pistoia, 51100 (PISTOIA), Italy" , "Pistoia" , "PISTOIA" , "Hospital activities" , "Unknown" ,  ,  ,
 "http://www.spaghettiopendata.org/sod2017/resources#10409024201" , "10409024201" , "ALMA VITA SRL" , "Via Eugenio Barsanti 24, Prato, 59100 (PRATO), Italy" , "Prato" , "PRATO" , "Hospital activities" , "Unknown" ,  ,  ,
 "http://www.spaghettiopendata.org/sod2017/resources#10409021001" , "10409021001" , "CASA DI CURA VILLA FIORITA" , "VIA DI CANTAGALLO 56, Prato, 59100 (PRATO), Italy" , "Prato" , "PRATO" , "Residential care activities" , "Unknown" ,  ,  ,
 "http://www.spaghettiopendata.org/sod2017/resources#10409060801" , "10409060801" , "NUOVO OSPEDALE DI PRATO S.Stefano" , "Via Suor Niccolina Infermiera 20/22, Prato, 59100 (PRATO), Italy" , "Prato" , "PRATO" , "Hospital activities" , "Unknown" ,  ,  ,
 "http://www.spaghettiopendata.org/sod2017/resources#328002049" , "328002049" , "AIRONE" , "VIALE SARDEGNA  80, Pavia, 27100, (PV), Italy" , "Pavia" , "PV" , "Other human health activities" , "Private" , "45.18779151" , "9.16477005" ,
 "http://www.spaghettiopendata.org/sod2017/resources#328002130" , "328002130" , "CASA DEGLI AMICI" , "VIA REPETTI  11, Varzi, 27057, (PV), Italy" , "Varzi" , "PV" , "Other human health activities" , "Private" , "44.825288" , "9.19169035" ,
 "http://www.spaghettiopendata.org/sod2017/resources#328002176" , "328002176" , "CASA DI ACCOGLIENZA MONS. RASTELLI" , "VIA COSTAIOLA  9, Montebello della Battaglia, 27054, (PV), Italy" , "Montebello della Battaglia" , "PV" , "Other human health activities" , "Private" , "44.9906787" , "9.12666942" ,
 "http://www.spaghettiopendata.org/sod2017/resources#328002083" , "328002083" , "CASCINA ROSSAGO" , "LOCALITA' ROSSAGO  1, Ponte Nizza, 27050, (PV), Italy" , "Ponte Nizza" , "PV" , "Other human health activities" , "Private" ,  ,  ,
 "http://www.spaghettiopendata.org/sod2017/resources#328002064" , "328002064" , "DOPO DI NOI" , "VIA MIRABELLI  47/49, Mortara, 27036, (PV), Italy" , "Mortara" , "PV" , "Other human health activities" , "Private" , "45.25696883" , "8.73532162" ,
 "http://www.spaghettiopendata.org/sod2017/resources#328003544" , "328003544" , "GEROLAMO EMILIANI" , "VIA VIVAI  17, Pavia, 27100, (PV), Italy" , "Pavia" , "PV" , "Other human health activities" , "Public" , "45.19152532" , "9.13508075" ,
 "http://www.spaghettiopendata.org/sod2017/resources#328002032" , "328002032" , "IL CASTELLO" , "VIA CASTROVECCHIO  3, Lomello, 27034, (PV), Italy" , "Lomello" , "PV" , "Other human health activities" , "Private" , "45.12255747" , "8.79440874" ,
 "http://www.spaghettiopendata.org/sod2017/resources#328002190" , "328002190" , "RUINO" , "VIA PRINCIPALE  31, Ruino, 27040, (PV), Italy" , "Ruino" , "PV" , "Other human health activities" , "Private" , "44.92979659" , "9.26999885" ,
 "http://www.spaghettiopendata.org/sod2017/resources#OSP042101042018" , "OSP042101042018" , "CASA DI CURA EREMO DI ARCO SRL" , "VIA XXI APRILE, 1, ARCO, Trento (38062), Italy" , "ARCO" , "Provincia autonoma di Trento" , "Residential care activities" , "Private" , "45.919481" , "10.870444" ,
 "http://www.spaghettiopendata.org/sod2017/resources#OSP042101042019" , "OSP042101042019" , "CASA DI CURA REGINA" , "VIA POMERIO, 3, ARCO, Trento (38062), Italy" , "ARCO" , "Provincia autonoma di Trento" , "Residential care activities" , "Private" , "45.916767" , "10.886541" ,
 "http://www.spaghettiopendata.org/sod2017/resources#OSP042101042021" , "OSP042101042021" , "CASA DI CURA SACRA FAMIGLIA" , "VIA NAS, 4, ARCO, Trento (38062), Italy" , "ARCO" , "Provincia autonoma di Trento" , "Residential care activities" , "Private" , "45.917617" , "10.876268" ,
 "http://www.spaghettiopendata.org/sod2017/resources#OSP042101042020" , "OSP042101042020" , "CASA DI CURA SOLATRIX" , "VIA BELLINI 11, ROVERETO, Trento (38068), Italy" , "ROVERETO" , "Provincia autonoma di Trento" , "Residential care activities" , "Private" , "45.898984" , "11.045548" ,
 "http://www.spaghettiopendata.org/sod2017/resources#OSP042101042022" , "OSP042101042022" , "CASA DI CURA VILLA BIANCA" , "VIA PIAVE 78, TRENTO, Trento (38122), Italy" , "TRENTO" , "Provincia autonoma di Trento" , "Residential care activities" , "Private" , "46.063077" , "11.126697" ,
 "http://www.spaghettiopendata.org/sod2017/resources#OSP042101042016" , "OSP042101042016" , "IST.RIAB.S.STEFANO-U.O. OSP. S.PANCRAZIO" , "VIA D.CHIESA ,2, ARCO, Trento (38062), Italy" , "ARCO" , "Provincia autonoma di Trento" , "Other human health activities" , "Private" , "45.921304" , "10.882587" ,
 "http://www.spaghettiopendata.org/sod2017/resources#OSP042101042006" , "OSP042101042006" , "OSPEDALE DI ROVERETO" , "CORSO VERONA, 4, ROVERETO, Trento (38068), Italy" , "ROVERETO" , "Provincia autonoma di Trento" , "Hospital activities" , "Public" , "45.8818" , "11.0407" ,
 "http://www.spaghettiopendata.org/sod2017/resources#OSP042101042001" , "OSP042101042001" , "OSPEDALE DI TRENTO" , "LARGO MEDAGLIE D ORO, 9, TRENTO, Trento (38122), Italy" , "TRENTO" , "Provincia autonoma di Trento" , "Hospital activities" , "Public" , "46.0560" , "11.1340" ,
 "http://www.spaghettiopendata.org/sod2017/resources#OSP042101042015" , "OSP042101042015" , "OSPEDALE SAN CAMILLO" , "VIA PODESTA GIOVANELLI 19, TRENTO, Trento (38122), Italy" , "TRENTO" , "Provincia autonoma di Trento" , "Hospital activities" , "Unknown" , "46.065474" , "11.131722" ,
 "http://www.spaghettiopendata.org/sod2017/resources#OSP042101042010" , "OSP042101042010" , "PRESIDIO OSPEDALIERO DI ARCO" , "VIA CAPITELLI, 48, ARCO, Trento (38062), Italy" , "ARCO" , "Provincia autonoma di Trento" , "Hospital activities" , "Public" , "45.9192" , "10.8741" ,
 "http://www.spaghettiopendata.org/sod2017/resources#OSP042101042004" , "OSP042101042004" , "PRESIDIO OSPEDALIERO DI BORGO VALSUGANA" , "VIALE VICENZA 9, BORGO VALSUGANA, Trento (38051), Italy" , "BORGO VALSUGANA" , "Provincia autonoma di Trento" , "Hospital activities" , "Public" , "46.0568" , "11.4646" ,
 "http://www.spaghettiopendata.org/sod2017/resources#OSP042101042014" , "OSP042101042014" , "PRESIDIO OSPEDALIERO DI CAVALESE" , "VIA DOSSI 17, CAVALESE, Trento (38033), Italy" , "CAVALESE" , "Provincia autonoma di Trento" , "Hospital activities" , "Public" , "46.2884" , "11.4551" ,
 "http://www.spaghettiopendata.org/sod2017/resources#OSP042101042005" , "OSP042101042005" , "PRESIDIO OSPEDALIERO DI CLES" , "VIALE DEGASPERI, 31, CLES, Trento (38023), Italy" , "CLES" , "Provincia autonoma di Trento" , "Hospital activities" , "Public" , "46.3608" , "11.0323" ,
 "http://www.spaghettiopendata.org/sod2017/resources#OSP042101042007" , "OSP042101042007" , "PRESIDIO OSPEDALIERO DI TIONE" , "VIA OSPEDALE, 11, TIONE DI TRENTO, Trento (38079), Italy" , "TIONE DI TRENTO" , "Provincia autonoma di Trento" , "Hospital activities" , "Public" , "46.0413" , "10.7244" ,
 "http://www.spaghettiopendata.org/sod2017/resources#321000365" , "321000365" , "R.S.D. LAINATE" , "VIA MARCHE  72, Lainate, 20020, (MI), Italy" , "Lainate" , "RE" , "Other human health activities" , "Private" , "45.56230669" , "9.02467678" ,
 "http://www.spaghettiopendata.org/sod2017/resources#325001225" , "325001225" , "CASA BEATO LUIGI GUANELLA" , "VIA GIAVAZZI  13, Verdello, 24049, (BG), Italy" , "Verdello" , "RM" , "Other human health activities" , "Private" , "45.60671587" , "9.62547915" ,
 "http://www.spaghettiopendata.org/sod2017/resources#323000954" , "323000954" , "CASA MADONNA DEL LAVORO - OPERA DON GUANELLA" , "VIA SPLUGA  24, Dubino, 23015, (SO), Italy" , "Dubino" , "RM" , "Other human health activities" , "Private" , "46.1678235" , "9.42852475" ,
 "http://www.spaghettiopendata.org/sod2017/resources#323000981" , "323000981" , "RSD CASA SAN LORENZO" , "VIA VISCONTI VENOSTA  7, Ardenno, 23011, (SO), Italy" , "Ardenno" , "RM" , "Other human health activities" , "Private" , "46.17222172" , "9.65328146" ,
 "http://www.spaghettiopendata.org/sod2017/resources#322002861" , "322002861" , "RSD VILLA SAN BENEDETTO" , "VIA ROMA  16, Albese con Cassano, 22032, (CO), Italy" , "Albese con Cassano" , "RM" , "Other human health activities" , "Private" , "45.79737948" , "9.1605986" ,
 "http://www.spaghettiopendata.org/sod2017/resources#90209090201" , "90209090201" , "AZIENDA OSPEDALIERA UNIVERSITARIA SENESE" , "V.LE BRACCI - LOC.LE SCOTTE, Siena, 53100 (SIENA), Italy" , "Siena" , "SIENA" , "Hospital activities" , "Unknown" ,  ,  ,
 "http://www.spaghettiopendata.org/sod2017/resources#10709023901" , "10709023901" , "CASA DI CURA RUGANI" , "PIAZZA MATTEOTTI 33, Monteriggioni, 53100 (SIENA), Italy" , "Monteriggioni" , "SIENA" , "Residential care activities" , "Unknown" ,  ,  ,
 "http://www.spaghettiopendata.org/sod2017/resources#10709063801" , "10709063801" , "OSPEDALE DELL'ALTA VAL D'ELSA" , "LOC. CAMPOSTAGGIA, Poggibonsi, 53036 (SIENA), Italy" , "Poggibonsi" , "SIENA" , "Hospital activities" , "Unknown" ,  ,  ,
 "http://www.spaghettiopendata.org/sod2017/resources#10709063901" , "10709063901" , "OSPEDALI RIUNITI DELLA VAL DI CHIANA" , "VIA PROVINCIALE MONTEPULCIANO, 5, Montepulciano, 53045 (SIENA), Italy" , "Montepulciano" , "SIENA" , "Hospital activities" , "Unknown" ,  ,  ,
 "http://www.spaghettiopendata.org/sod2017/resources#10709063701" , "10709063701" , "PRESIDIO OSPEDALIERO AMIATA SENESE" , "VIA TRENTO, Abbadia San Salvatore, 53021 (SIENA), Italy" , "Abbadia San Salvatore" , "SIENA" , "Hospital activities" , "Unknown" ,  ,  ,
 "http://www.spaghettiopendata.org/sod2017/resources#10709063401" , "10709063401" , "SERVIZIO PSICHIATRICO DIAGNOSI E CURA" , "P.TA TUFI, Siena, 53100 (SIENA), Italy" , "Siena" , "SIENA" , "Hospital activities" , "Unknown" ,  ,  ,
 "http://www.spaghettiopendata.org/sod2017/resources#323000974" , "323000974" , "RSD TIRANO" , "VIA PEDROTTI  57, Tirano, 23037, (SO), Italy" , "Tirano" , "SO" , "Other human health activities" , "Private" , "46.21834391" , "10.16924692" ,
 "http://www.spaghettiopendata.org/sod2017/resources#322000723" , "322000723" , "ARAS FRATTINI" , "VIA RAINOLDI  7, Varese, 21100, (VA), Italy" , "Varese" , "VA" , "Other human health activities" , "Private" , "45.81942276" , "8.82999303" ,
 "http://www.spaghettiopendata.org/sod2017/resources#322000737" , "322000737" , "RESIDENZA SANITARIA PER DISABILI" , "VIA LOMBARDIA  14, Sesto Calende, 21018, (VA), Italy" , "Sesto Calende" , "VA" , "Residential care activities" , "Private" , "45.73020406" , "8.62886163" ,
 "http://www.spaghettiopendata.org/sod2017/resources#322000701" , "322000701" , "VILLA SAN FERMO" , "VIA MONTE CRISTALLO  26, Varese, 21100, (VA), Italy" , "Varese" , "VA" , "Other human health activities" , "Private" , "45.83306889" , "8.84556145" ,
